		
		
Patricia	Quel √©tait le mot le plus utilis√© par le professeur de micro?	Onk√©
Sab R	La formule Excel la plus importante (pour ceux ayant pris le cours Analytique d‚Äôaffaires)	Sommeprod
Eric Brault	Comment est calcul√© le "Taux de rentabilit√© net"?	r√©sultat net / chiffre d‚Äôaffaires
J√©r√©mie	Le mot qui nous √† eu l'honneur de g√©n√©rer un fou rire incontr√¥lable √† chaque fois qu'il √©tait prononc√© suite √† un des fameux 5@7 sur c√¥te Ste-Catherine? (INDICE : dans le cours de Strat√©gie d'Alizera)	Moonshot üöÄ
Genevieve	Selon l‚Äô√©quilibre de Nash et la th√©orie des jeux, vus en micro√©conomie et illustr√©s dans le film A Beautiful Mind, pour que tout le monde gagne, qui doit √™tre ignor√© au bar?	La blonde
Dominic	√Ä quoi servent les 5 forces de Porter?	Aident √† analyser la concurrence
Aliou Sow	1ere question qu‚Äôon se pose avant de commencer une n√©gociation?	Quelle est ma MESORE?
Patricia	Qui √©tait le fournisseur officiel de chouquettes?	Aur√©lien
Sab R	Le breuvage des champions	Orange Crush DIET (autre r√©ponse acceptable:  Fireball)
Eric Brault	Quel √©tait le nom de nos deux professeurs dans le cours de "m√©tier de gestionnaire"?	Viana Poulin et Chirstine Beaulieu
J√©r√©mie	La meilleure professeure "enregistr√©e" (INDICE : bou√©e de sauvetage n√©cessaire √† cause d'une barri√®re de langage)	Les enregistrements de Louise MaRRRRtel en comptabilit√©
Genevieve	Selon Joey, quelle entreprise est le diable?	Hydro quebec
Dominic	Quel est le livre que Dominic recommande √† chaque ann√©e?	Le guide de l‚Äôauto
Aliou Sow	Quand on est en manque d‚Äôinspiration pour √©crire un essai et qu‚Äôil nous reste peu de temps, comment on fait ?	ChatGPT
Patricia	Quel √©tait l'√©l√©ment manquant lors de l'examen final de finance?	La feuille de formules
Sab R	La fable qui a d√©but√© notre MBA	La cigale et la fourmi
Eric Brault	Quels sont les traits de personnalit√©s qui consituent le "Dark Triad"	Narcissisme, Machiav√©lisme et Psychopathie
J√©r√©mie	Meilleur costume d'Halloween d'un professeur?	Zvi en Pinguin
Genevieve	Nommez deux principes japonais d‚Äôoptimisation. 	5S, kaizen, autre
Dominic	Que veut dire un objectif SMART?	Sp√©cifique, mesurable, atteignable, r√©aliste, temporel 
Aliou Sow	Quelle est la meilleure strat√©gie pour gagner la simulation ? (1ere semaine du MBA)	Vendre a bon prix, et expansion sur les march√©s croissants
